acc,gen,loss
0.2842465753424658,1,1.1017722071033635
0.3356164383561644,2,1.0988971076599539
0.3527397260273973,3,1.093992729709573
0.4246575342465753,4,1.0842395906579005
0.4075342465753425,5,1.0868844618536022
0.4691780821917808,6,1.0533564556134891
0.5376712328767124,7,0.9924738496950228
0.5273972602739726,8,0.9453317367867248
0.5308219178082192,9,0.8626762775525655
0.547945205479452,10,0.8494334690374871
0.6061643835616438,11,0.8087390514269267
0.5513698630136986,12,0.8698747884737302
0.5856164383561644,13,0.7995630459834452
0.5342465753424658,14,0.933705645881287
0.5753424657534246,15,0.828744211833771
0.6575342465753424,16,0.7549266941743354
0.6575342465753424,17,0.7076527108884838
0.565068493150685,18,0.9097502615353833
0.5993150684931506,19,0.8229484656085707
0.6506849315068494,20,0.7663471388490233
0.4863013698630137,21,0.9570069455937164
0.6061643835616438,22,0.7976465480376597
0.6917808219178082,23,0.6408902448538232
0.7465753424657534,24,0.6122754947984055
0.726027397260274,25,0.6498588982918491
0.726027397260274,26,0.6439939818970145
0.5582191780821918,27,0.8339613643411088
0.5136986301369864,28,0.9347900072597477
0.7123287671232876,29,0.6843130241518152
0.7054794520547946,30,0.6449914999714453
0.7191780821917808,31,0.6067470277417196
0.6678082191780822,32,0.6607107584402986
0.7808219178082192,33,0.5135948056839916
0.8184931506849316,34,0.4147376480371985
0.6095890410958904,35,0.8611453153601248
0.7842465753424658,36,0.5112435057351034
0.6643835616438356,37,0.675455304347489
0.7157534246575342,38,0.6039825018546353
0.7294520547945206,39,0.5750056839458746
0.7157534246575342,40,0.5973556927111867
0.7705479452054794,41,0.46830977101440296
0.7773972602739726,42,0.4775188625471233
0.8527397260273972,43,0.31562823480735086
0.8082191780821918,44,0.37505399823597035
0.8561643835616438,45,0.2944993522426445
0.8527397260273972,46,0.37049671293121494
0.7842465753424658,47,0.5009166436805709
0.7568493150684932,48,0.47449839229963414
0.8253424657534246,49,0.3314427717091286
0.6335616438356164,50,0.8063515439017178
0.7602739726027398,51,0.4500575872929129
0.839041095890411,52,0.32908076545453235
0.8732876712328768,53,0.2994987892165576
0.8116438356164384,54,0.44796781666729957
0.7534246575342466,55,0.45721753811693355
0.8253424657534246,56,0.4335417901867465
0.7945205479452054,57,0.42274825110368125
0.8835616438356164,58,0.25234876171213716
0.8835616438356164,59,0.2384023390302103
0.7397260273972602,60,0.7852150855764543
0.797945205479452,61,0.4127267166104627
0.8458904109589042,62,0.3777418571383986
0.8082191780821918,63,0.3296276669668621
0.773972602739726,64,0.5256982113885349
0.8458904109589042,65,0.30845783907307744
0.7123287671232876,66,0.613159498238094
0.9075342465753424,67,0.19778512272830695
0.8253424657534246,68,0.34067134113267883
0.6883561643835616,69,0.8441193054800165
0.8287671232876712,70,0.4198471586896132
0.886986301369863,71,0.2367424014955759
0.863013698630137,72,0.271267126639667
0.6986301369863014,73,0.8588287808919606
0.8732876712328768,74,0.2837056223022407
0.886986301369863,75,0.23554210491121225
0.773972602739726,76,0.41075266319748066
0.8493150684931506,77,0.32036968212166467
0.8904109589041096,78,0.288784734094643
0.6746575342465754,79,1.0524788905981264
0.8801369863013698,80,0.24196052018629566
0.8835616438356164,81,0.2524304528695161
0.8698630136986302,82,0.2895435664694348
0.8424657534246576,83,0.3411994289338895
0.8493150684931506,84,0.3349439374694269
0.8732876712328768,85,0.24780763883768797
0.7876712328767124,86,0.7151834161071847
0.8972602739726028,87,0.22467072483802802
0.8595890410958904,88,0.3105580194451374
0.8458904109589042,89,0.3185100764903712
0.8732876712328768,90,0.21725269946052808
0.8527397260273972,91,0.31238047961043575
0.928082191780822,92,0.1742799843419088
0.9041095890410958,93,0.20591816080300368
0.8972602739726028,94,0.21534492116268367
0.8698630136986302,95,0.2936615480384343
0.9452054794520548,96,0.1354677278360301
0.8664383561643836,97,0.36394595138550007
0.9178082191780822,98,0.2312579022478057
0.8664383561643836,99,0.3189903917237606
0.8321917808219178,100,0.4821170294029026
0.9075342465753424,101,0.18436292904964968
0.9452054794520548,102,0.13263433152484413
0.8698630136986302,103,0.3193085887868034
0.8938356164383562,104,0.26739434800142653
0.8732876712328768,105,0.25373325386556655
0.8595890410958904,106,0.3351884244284146
0.928082191780822,107,0.17924488819051176
0.8801369863013698,108,0.3182919854457707
0.9143835616438356,109,0.19562311136572022
0.8972602739726028,110,0.20343478116819202
0.9006849315068494,111,0.22382757864886105
0.910958904109589,112,0.2029928227612264
0.8938356164383562,113,0.2130080853016371
0.8356164383561644,114,0.4165462036712784
0.9041095890410958,115,0.21194473930876956
0.886986301369863,116,0.2800475995962138
0.9006849315068494,117,0.26908623965374157
0.9006849315068494,118,0.26727459002732723
0.7808219178082192,119,0.7256460634398287
0.8904109589041096,120,0.21627918203051955
0.9075342465753424,121,0.1946919292677194
0.9143835616438356,122,0.17834411621132024
0.9315068493150684,123,0.15359470809487727
0.9075342465753424,124,0.16276231593506615
0.934931506849315,125,0.15021920697731667
0.8904109589041096,126,0.3240432337465479
0.9452054794520548,127,0.11598226222550904
0.9006849315068494,128,0.3706482451724858
0.9315068493150684,129,0.23206420707969275
0.934931506849315,130,0.15688675143580552
0.928082191780822,131,0.1513711860920111
0.934931506849315,132,0.14121382955736034
0.9246575342465754,133,0.18857378728547428
0.934931506849315,134,0.1404410890185542
0.934931506849315,135,0.1751670286542583
0.910958904109589,136,0.4213428808111468
0.952054794520548,137,0.13977613930561747
0.9315068493150684,138,0.11509567281121248
0.9075342465753424,139,0.24242500837075792
0.9486301369863014,140,0.11108144709628318
0.928082191780822,141,0.2028822668218883
0.9554794520547946,142,0.10633870479347797
0.9075342465753424,143,0.23918287560091775
0.9315068493150684,144,0.11716448864779971
0.9623287671232876,145,0.07542590255695969
0.934931506849315,146,0.1490305118830492
0.9417808219178082,147,0.11624194178746197
0.934931506849315,148,0.1285065847655522
0.9486301369863014,149,0.12792704313872255
0.9383561643835616,150,0.11348991066876046
0.9623287671232876,151,0.11968060101666296
0.9452054794520548,152,0.12192788014422834
0.9554794520547946,153,0.10177982114781689
0.9486301369863014,154,0.12516441056146033
0.9041095890410958,155,0.24242492837987661
0.9417808219178082,156,0.09708238020100733
0.9417808219178082,157,0.14170559598109048
0.928082191780822,158,0.13006738784534805
0.9178082191780822,159,0.16373441680749137
0.9657534246575342,160,0.0997882692433562
0.886986301369863,161,0.34387334228544303
0.9554794520547946,162,0.10381569784558825
0.952054794520548,163,0.12110203608299593
0.9417808219178082,164,0.13132230075768336
0.886986301369863,165,0.2939789915423081
0.9246575342465754,166,0.20629078153822228
0.9623287671232876,167,0.07441064628931113
0.958904109589041,168,0.07598294333430415
0.9623287671232876,169,0.09560657347582778
0.9315068493150684,170,0.1324281039056113
0.8458904109589042,171,0.5924006761123477
0.9794520547945206,172,0.062181758262577456
0.8938356164383562,173,0.447891747506817
0.9486301369863014,174,0.13352281015528977
0.958904109589041,175,0.07864233857612381
0.952054794520548,176,0.14293065509951852
0.8116438356164384,177,0.8900435152619102
0.9623287671232876,178,0.12776240446024306
0.9417808219178082,179,0.11545806600272095
0.952054794520548,180,0.07783587122246725
0.9452054794520548,181,0.1505073246016639
0.9417808219178082,182,0.2682980831157518
0.958904109589041,183,0.0878694515419352
0.9178082191780822,184,0.2612041416047747
0.958904109589041,185,0.09025998292363262
0.9417808219178082,186,0.11176760041446757
0.9417808219178082,187,0.10815285415865468
0.9452054794520548,188,0.11697785315312739
0.9657534246575342,189,0.08166951444223268
0.952054794520548,190,0.14857821342593525
0.9315068493150684,191,0.13579364203148656
0.9623287671232876,192,0.09046070024407826
0.9794520547945206,193,0.04847106684979262
0.9315068493150684,194,0.18829104507562053
0.9383561643835616,195,0.17838094349749617
0.9486301369863014,196,0.11003461839154376
0.9726027397260274,197,0.0629236367537101
0.9486301369863014,198,0.1350272395554372
0.9452054794520548,199,0.08511106416001782
0.9657534246575342,200,0.09564398230258407
0.9075342465753424,201,0.2042096810884238
0.9657534246575342,202,0.07393377687927967
0.9623287671232876,203,0.09862645790706491
0.9417808219178082,204,0.1258935755571631
0.952054794520548,205,0.16969606702671264
0.9657534246575342,206,0.10644096912587322
0.9041095890410958,207,0.39796792912637424
0.958904109589041,208,0.08345899453995852
0.9657534246575342,209,0.10432703127328638
0.9417808219178082,210,0.13959939268534072
0.9554794520547946,211,0.09949426137968222
0.9554794520547946,212,0.08269353536888957
0.9554794520547946,213,0.13559364509124514
0.9212328767123288,214,0.2457526603463259
0.9417808219178082,215,0.13878938224013537
0.9486301369863014,216,0.09370709786780437
0.958904109589041,217,0.10424816391087131
0.958904109589041,218,0.10259417630472915
0.9623287671232876,219,0.09794245807977062
0.9657534246575342,220,0.09384666749197282
0.9726027397260274,221,0.0706083586900766
0.9452054794520548,222,0.1319479535896752
0.9486301369863014,223,0.09918673391922772
0.9554794520547946,224,0.09219244161496347
0.9486301369863014,225,0.10079610752291046
0.9691780821917808,226,0.07260829059579346
0.9246575342465754,227,0.24579105093598377
0.9726027397260274,228,0.08532677949561693
0.934931506849315,229,0.1614687483170076
0.9623287671232876,230,0.11758720222461892
0.9315068493150684,231,0.15168386901535846
0.958904109589041,232,0.07068215779922679
0.9828767123287672,233,0.044895893659511237
0.958904109589041,234,0.09224829459309734
0.9246575342465754,235,0.3022407011367374
0.9554794520547946,236,0.14857297372678932
0.9486301369863014,237,0.10245166514674839
0.9691780821917808,238,0.07275081347643832
0.910958904109589,239,0.2768654342007597
0.976027397260274,240,0.04706899670597759
0.9623287671232876,241,0.09171450121496877
0.976027397260274,242,0.05924020238268135
0.9691780821917808,243,0.0710290298669213
0.952054794520548,244,0.09627765202189138
0.9794520547945206,245,0.06384437762070065
0.9691780821917808,246,0.06950578607350894
0.9486301369863014,247,0.0988183427109281
0.952054794520548,248,0.09971777089390654
0.958904109589041,249,0.07304579681259969
0.9554794520547946,250,0.1034650021391739
0.9726027397260274,251,0.07561436616369102
0.9486301369863014,252,0.16452697611364858
0.9657534246575342,253,0.07151671582846886
0.9657534246575342,254,0.11804193026870202
0.952054794520548,255,0.08629196960618958
0.9178082191780822,256,0.20693517404218517
0.952054794520548,257,0.14998916744711818
0.9657534246575342,258,0.09448115336630981
0.952054794520548,259,0.12997729182446674
0.928082191780822,260,0.12658991310498294
0.9657534246575342,261,0.08025329870256366
0.9486301369863014,262,0.1179928465660427
0.9623287671232876,263,0.11911450090701692
0.9623287671232876,264,0.07838885795344178
0.9554794520547946,265,0.10122718551957242
0.910958904109589,266,0.2854507301618307
0.9486301369863014,267,0.09162598648622843
0.934931506849315,268,0.12961772100562197
0.958904109589041,269,0.08658501119563182
0.9794520547945206,270,0.051278201685456895
0.976027397260274,271,0.06413620614768835
0.9623287671232876,272,0.13528269366171827
0.9486301369863014,273,0.08486858024255911
0.9726027397260274,274,0.06474985586270396
0.9794520547945206,275,0.04940199353995299
0.9726027397260274,276,0.06269327973959288
0.9452054794520548,277,0.1048507963070783
0.910958904109589,278,0.2914306132971271
0.9452054794520548,279,0.1760970702193907
0.9212328767123288,280,0.2518882722964021
0.952054794520548,281,0.09377052136621125
0.9486301369863014,282,0.11503588914638385
0.958904109589041,283,0.07809129516502017
0.9486301369863014,284,0.10162897174320765
0.9554794520547946,285,0.12911666588359816
0.9657534246575342,286,0.06851985205358775
0.9794520547945206,287,0.04701537912269362
0.9828767123287672,288,0.046568665143950805
0.9657534246575342,289,0.10219774287204379
0.9417808219178082,290,0.10802640327030581
0.9554794520547946,291,0.11340464663874017
0.9794520547945206,292,0.06359272593465293
0.952054794520548,293,0.09816761324507078
0.910958904109589,294,0.31380877850739897
0.9657534246575342,295,0.09240482298618227
0.9383561643835616,296,0.15008626494698996
0.9691780821917808,297,0.08269878262501451
0.9315068493150684,298,0.19317048897090439
0.9657534246575342,299,0.08772270534225829
0.9691780821917808,300,0.07808520567214892
0.9486301369863014,301,0.0969083976467604
0.9383561643835616,302,0.13019371360591422
0.952054794520548,303,0.08471493911381239
0.9554794520547946,304,0.10111226481788199
0.952054794520548,305,0.0888911248346207
0.9726027397260274,306,0.06364808234452726
0.952054794520548,307,0.07856279136517327
0.9691780821917808,308,0.058275853981597237
0.9178082191780822,309,0.25857585245432024
0.9657534246575342,310,0.07438499029097466
0.9691780821917808,311,0.08732993299921349
0.958904109589041,312,0.06926901186391797
0.9486301369863014,313,0.16289982933912678
0.9657534246575342,314,0.05491735158523637
0.934931506849315,315,0.13609393799531175
0.9691780821917808,316,0.05952221227876367
0.9486301369863014,317,0.1729582107065952
0.928082191780822,318,0.23217266128422
0.9623287671232876,319,0.08081492889971131
0.9486301369863014,320,0.11270277793844125
0.976027397260274,321,0.04644538350660459
0.9486301369863014,322,0.1481944293580903
0.9657534246575342,323,0.07401084521193733
0.9691780821917808,324,0.06778802761942793
0.958904109589041,325,0.07851851925348356
0.9486301369863014,326,0.0804998826790499
0.9623287671232876,327,0.07706095562444056
0.9691780821917808,328,0.06298884093923508
0.9657534246575342,329,0.1306977040948281
0.9486301369863014,330,0.13484423914613292
0.9623287671232876,331,0.07385892435369697
0.9657534246575342,332,0.06964199677676246
0.9623287671232876,333,0.06835868490920864
0.9554794520547946,334,0.0821084907090639
0.9623287671232876,335,0.07647302041224154
0.9554794520547946,336,0.1742303047400153
0.9726027397260274,337,0.058639916765171884
0.9212328767123288,338,0.1725182441139573
0.9691780821917808,339,0.06241132331093493
0.9657534246575342,340,0.07938742368354076
0.9726027397260274,341,0.0694195865263743
0.9726027397260274,342,0.06468088876838558
0.976027397260274,343,0.05185039682517726
0.958904109589041,344,0.0946407325034371
0.9691780821917808,345,0.07202061723469404
0.9657534246575342,346,0.06418319978079064
0.958904109589041,347,0.07515529813827015
0.9554794520547946,348,0.09020726501928525
0.952054794520548,349,0.1350367303540187
0.9794520547945206,350,0.058382164946410804
0.976027397260274,351,0.05086428823265684
0.958904109589041,352,0.10713706021642667
0.9691780821917808,353,0.05995550323929558
0.9726027397260274,354,0.07088974437064192
0.9452054794520548,355,0.10836438887093969
0.9657534246575342,356,0.06287387591051712
0.928082191780822,357,0.17441890092839907
0.9691780821917808,358,0.05261349528518622
0.9623287671232876,359,0.09500552820389029
0.9383561643835616,360,0.1501055557458392
0.9623287671232876,361,0.1135341112128852
0.952054794520548,362,0.0940664595245461
0.9657534246575342,363,0.06442266316241317
0.9726027397260274,364,0.056000424180451334
0.9726027397260274,365,0.052790514645232475
0.934931506849315,366,0.2332642951400449
0.9897260273972602,367,0.04062855462704136
0.9623287671232876,368,0.07137572714383754
0.958904109589041,369,0.06838875914409945
0.9178082191780822,370,0.3660680727479215
0.9794520547945206,371,0.06937474856425829
0.9486301369863014,372,0.11526706680484644
0.9726027397260274,373,0.06723675870626435
0.9794520547945206,374,0.05510867771665463
0.9691780821917808,375,0.06094007306221525
0.952054794520548,376,0.08025984449555487
0.9691780821917808,377,0.05941133294573488
0.952054794520548,378,0.10404974209724396
0.9452054794520548,379,0.20851132572451742
0.9794520547945206,380,0.03344233611288436
0.976027397260274,381,0.06258571247958135
0.9315068493150684,382,0.15315401300410972
0.958904109589041,383,0.0633423382411683
0.9623287671232876,384,0.07156121150646494
0.9657534246575342,385,0.07362922216036591
0.910958904109589,386,0.45143334634470705
0.9554794520547946,387,0.09255538283149976
0.952054794520548,388,0.09159013774159862
0.976027397260274,389,0.06453836772950487
0.958904109589041,390,0.06022604585839324
0.9554794520547946,391,0.07874253675991857
0.976027397260274,392,0.05201438941616263
0.958904109589041,393,0.09291651520116792
0.976027397260274,394,0.06236542436110465
0.976027397260274,395,0.06896735172731122
0.9006849315068494,396,0.4017924044639261
0.9623287671232876,397,0.08297259390654863
0.976027397260274,398,0.055252823352830466
0.9554794520547946,399,0.07400892655596804
0.952054794520548,400,0.1938605116625346
0.9383561643835616,401,0.09525126847852147
0.9623287671232876,402,0.08547659864346577
0.9863013698630136,403,0.04345502270854474
0.976027397260274,404,0.04361617400175182
0.952054794520548,405,0.07599835093882674
0.9794520547945206,406,0.04206023945157976
0.9691780821917808,407,0.10137696913602978
0.934931506849315,408,0.15772824379492292
0.976027397260274,409,0.07442773667681238
0.9691780821917808,410,0.08235310446895573
0.9726027397260274,411,0.05104623372379088
0.9726027397260274,412,0.06652200001788092
0.9691780821917808,413,0.050876328167673006
0.976027397260274,414,0.04807065916058292
0.9794520547945206,415,0.053958928255780525
0.934931506849315,416,0.22247643129517264
0.9623287671232876,417,0.08900888440516548
0.9657534246575342,418,0.08657592142077342
0.9315068493150684,419,0.1557549742818531
0.9726027397260274,420,0.05468971190775971
0.9246575342465754,421,0.32179993087006614
0.9452054794520548,422,0.1415458523320199
0.9726027397260274,423,0.05336101121414287
0.958904109589041,424,0.08376722489798613
0.934931506849315,425,0.25557971059018586
0.9657534246575342,426,0.1109428010803802
0.9828767123287672,427,0.0470342175048656
0.952054794520548,428,0.11439431365659103
0.934931506849315,429,0.24768376268588177
0.9554794520547946,430,0.07962263792826776
0.958904109589041,431,0.08062821740252867
0.9726027397260274,432,0.07342290156341497
0.976027397260274,433,0.04451681045437198
0.9726027397260274,434,0.05411693414124821
0.9006849315068494,435,0.35833680473282187
0.952054794520548,436,0.1060939833245207
0.9486301369863014,437,0.13342243245752386
0.9657534246575342,438,0.07137872271030649
0.9623287671232876,439,0.06816432928547465
0.9691780821917808,440,0.06746379097882572
0.976027397260274,441,0.04332792350471383
0.9657534246575342,442,0.06476882225912074
0.8938356164383562,443,0.4791234011827328
0.9417808219178082,444,0.15491784396786673
0.958904109589041,445,0.09697648719548067
0.9315068493150684,446,0.1647571812492023
0.9726027397260274,447,0.047451749044428226
0.952054794520548,448,0.08306024268846432
0.9726027397260274,449,0.07199964480179466
0.9657534246575342,450,0.07884163154110317
0.9417808219178082,451,0.2242818715572393
0.952054794520548,452,0.11352565093093041
0.9657534246575342,453,0.06925354136023687
0.9657534246575342,454,0.09180490520483457
0.958904109589041,455,0.08010834596506643
0.9691780821917808,456,0.050471471159441644
0.9691780821917808,457,0.064531303708127
0.9383561643835616,458,0.13570733576444294
0.9657534246575342,459,0.06243013616702926
0.952054794520548,460,0.08937128944522207
0.9554794520547946,461,0.11447471763347818
0.9657534246575342,462,0.07145105569630587
0.9554794520547946,463,0.1358261186911253
0.9623287671232876,464,0.06623676412689822
0.9794520547945206,465,0.05242416349559391
0.9726027397260274,466,0.04931048353755115
0.9657534246575342,467,0.11392122077118635
0.9828767123287672,468,0.04926324401194133
0.952054794520548,469,0.06837165058384752
0.9623287671232876,470,0.06249390232205022
0.9794520547945206,471,0.051372248032138274
0.9452054794520548,472,0.14559201939019123
0.958904109589041,473,0.06541076629737165
0.9623287671232876,474,0.06370125190247339
0.958904109589041,475,0.07858527943782774
0.9726027397260274,476,0.048399760468222267
0.9383561643835616,477,0.1673615723285702
0.9657534246575342,478,0.07004223503014918
0.9691780821917808,479,0.054421559649809964
0.934931506849315,480,0.15915556157594674
0.9657534246575342,481,0.05091183440379933
0.9863013698630136,482,0.037196075494175106
0.9691780821917808,483,0.05687852707717256
0.9623287671232876,484,0.07941560406744766
0.9691780821917808,485,0.060092926690168955
0.9657534246575342,486,0.08405476371424886
0.9554794520547946,487,0.16079784093346136
0.9315068493150684,488,0.31939271655616336
0.9691780821917808,489,0.08962959942133014
0.958904109589041,490,0.06671877182724192
0.9452054794520548,491,0.16556630025569238
0.9486301369863014,492,0.1430561552104536
0.9657534246575342,493,0.0886467230732095
0.9554794520547946,494,0.20092626583473622
0.9897260273972602,495,0.04303512222589869
0.9452054794520548,496,0.14234659072851535
0.952054794520548,497,0.18108785076860032
0.9726027397260274,498,0.04834427706233851
0.9657534246575342,499,0.0607453008106946
0.9554794520547946,500,0.06914153639719525
0.9623287671232876,501,0.074919457081805
0.9863013698630136,502,0.03457340643556202
0.9691780821917808,503,0.07749444332716537
0.9691780821917808,504,0.06782994550976333
0.9726027397260274,505,0.05769852626685425
0.9863013698630136,506,0.03429550720981864
0.9417808219178082,507,0.13643282819492464
0.9726027397260274,508,0.04773791837050501
0.9623287671232876,509,0.08928963820185283
0.9691780821917808,510,0.0662460785345265
0.9691780821917808,511,0.0847008801630518
0.958904109589041,512,0.10599483595039713
0.976027397260274,513,0.06011275686823989
0.9726027397260274,514,0.05309009244189078
0.958904109589041,515,0.08419499213048093
0.9691780821917808,516,0.0662541023540978
0.9657534246575342,517,0.06391610785520815
0.9726027397260274,518,0.051197060089784266
0.9794520547945206,519,0.04600978841308336
0.9726027397260274,520,0.05934871784344591
0.9657534246575342,521,0.10380215660442857
0.9486301369863014,522,0.10415089898367724
0.9794520547945206,523,0.04444168836998371
0.958904109589041,524,0.06712373380444299
0.9315068493150684,525,0.2014696542166647
0.9691780821917808,526,0.07349743307604015
0.976027397260274,527,0.05598748971521037
0.9691780821917808,528,0.0998498174467386
0.952054794520548,529,0.07988456830900435
0.9726027397260274,530,0.08639083640742708
0.9691780821917808,531,0.07419325145149255
0.9383561643835616,532,0.15923375746849022
0.9794520547945206,533,0.03866230993211602
0.976027397260274,534,0.07300775114895695
0.952054794520548,535,0.12200926996236576
0.9794520547945206,536,0.04458282436382732
0.958904109589041,537,0.12541794323953256
0.9691780821917808,538,0.054904419563421444
0.958904109589041,539,0.08813586877957975
0.976027397260274,540,0.048504976312533594
0.9212328767123288,541,0.22689806871354973
0.9794520547945206,542,0.05349883036141775
0.9657534246575342,543,0.05465539149925661
0.934931506849315,544,0.2790293965078727
0.9726027397260274,545,0.06371095985340529
0.958904109589041,546,0.10738717182051018
0.9897260273972602,547,0.035366570673107924
0.958904109589041,548,0.07306414269275081
0.9863013698630136,549,0.0306717639269751
0.976027397260274,550,0.05572782411230672
0.958904109589041,551,0.09453363126113513
0.9657534246575342,552,0.07036564408407099
0.9554794520547946,553,0.07040349132983291
0.9657534246575342,554,0.07509283433039991
0.9691780821917808,555,0.06606944245322666
0.9383561643835616,556,0.24218753938528184
0.958904109589041,557,0.15761598931026566
0.928082191780822,558,0.2877649899346081
0.9691780821917808,559,0.0623157937303927
0.9828767123287672,560,0.05277672771815759
0.9657534246575342,561,0.06439552297918341
0.958904109589041,562,0.12069568809656879
0.9897260273972602,563,0.03151321011350089
0.9623287671232876,564,0.09323790632146957
0.976027397260274,565,0.05045218400648256
0.9554794520547946,566,0.09371079402676327
0.9417808219178082,567,0.16076796127191761
0.952054794520548,568,0.08200107426765586
0.952054794520548,569,0.19443030014476853
0.9794520547945206,570,0.04801494370655111
0.9726027397260274,571,0.09939062731105155
0.9691780821917808,572,0.05682415261290235
0.9623287671232876,573,0.1224791734620003
0.9794520547945206,574,0.05632464507964383
0.9554794520547946,575,0.07725317683287682
0.9863013698630136,576,0.04957464142846644
0.9828767123287672,577,0.03337915437491387
0.9828767123287672,578,0.036240194544405635
0.9623287671232876,579,0.08449610240463137
0.958904109589041,580,0.12447528247505707
0.952054794520548,581,0.15862625497307095
0.9794520547945206,582,0.046619875775670075
0.9828767123287672,583,0.042509318325861786
0.9657534246575342,584,0.08228873322880409
0.9828767123287672,585,0.041068693624790646
0.9623287671232876,586,0.11996273692286245
0.9828767123287672,587,0.0586140426212919
0.9691780821917808,588,0.0752213497092034
0.9726027397260274,589,0.05174979703593162
0.9623287671232876,590,0.10157280483635737
0.9691780821917808,591,0.0684294494708286
0.9691780821917808,592,0.11117997850408146
0.9623287671232876,593,0.1437854998728479
0.9623287671232876,594,0.09662567160655135
0.9726027397260274,595,0.05197685593027503
0.9623287671232876,596,0.08746226240058703
0.934931506849315,597,0.2987157968012955
0.9726027397260274,598,0.06041286945029952
0.9726027397260274,599,0.04901088139842913
0.976027397260274,600,0.05788543996060656
0.9554794520547946,601,0.07917020524682937
0.976027397260274,602,0.05201919348224717
0.976027397260274,603,0.10383047366032197
0.9863013698630136,604,0.029338985462607225
0.9657534246575342,605,0.05518755907783773
0.9863013698630136,606,0.03873636079514317
0.9657534246575342,607,0.06406665588564128
0.9383561643835616,608,0.3585236556222523
0.9691780821917808,609,0.049194253595761774
0.9657534246575342,610,0.07989561665997152
0.976027397260274,611,0.053325208773233886
0.9383561643835616,612,0.4057896930952578
0.9623287671232876,613,0.060420253915091884
0.9726027397260274,614,0.06733436841708157
0.958904109589041,615,0.1244874682714447
0.9623287671232876,616,0.18063845670896053
0.9794520547945206,617,0.048051134671031955
0.9794520547945206,618,0.05226209402868858
0.9897260273972602,619,0.03582354657984281
0.9726027397260274,620,0.0431745253529835
0.9691780821917808,621,0.05488362765632476
0.9726027397260274,622,0.06464969662456871
0.9691780821917808,623,0.10925178177718432
0.9691780821917808,624,0.0730801811177652
0.9794520547945206,625,0.04664384684913049
0.9828767123287672,626,0.0398432910281135
0.958904109589041,627,0.15258116611591366
0.9657534246575342,628,0.06101264063962757
0.9657534246575342,629,0.06861935592352071
0.9486301369863014,630,0.2719807724908157
0.9726027397260274,631,0.04834877694114243
0.9794520547945206,632,0.04117169129193365
0.958904109589041,633,0.15471405912965516
0.9828767123287672,634,0.05418810910860847
0.9828767123287672,635,0.041188473001561574
0.9554794520547946,636,0.09939190224524705
0.9794520547945206,637,0.0412287838548577
0.9691780821917808,638,0.081713270176943
0.9691780821917808,639,0.0585448102506421
0.9794520547945206,640,0.03620258167657458
0.9657534246575342,641,0.06879843275207462
0.9828767123287672,642,0.037189218352890845
0.9657534246575342,643,0.07159622296118981
0.9623287671232876,644,0.07549122391140385
0.9623287671232876,645,0.06924392995264099
0.9726027397260274,646,0.05661868387897027
0.9897260273972602,647,0.027794618541694745
0.958904109589041,648,0.10976667265040056
0.9657534246575342,649,0.06016782860183723
0.9794520547945206,650,0.04597075410771913
0.9691780821917808,651,0.09068836473575985
0.9726027397260274,652,0.059878677006029286
0.9554794520547946,653,0.08619670491024196
0.9863013698630136,654,0.03145271952409331
0.9657534246575342,655,0.11947385337063604
0.9691780821917808,656,0.05699330776789718
0.9623287671232876,657,0.08770116008440398
0.9726027397260274,658,0.06061556440956387
0.9623287671232876,659,0.0585593183679446
0.9828767123287672,660,0.04040055997839236
0.976027397260274,661,0.04696142046611373
0.976027397260274,662,0.05717487109780462
0.9828767123287672,663,0.04476368995857814
0.9863013698630136,664,0.03658657543638421
0.976027397260274,665,0.059492335366771905
0.9691780821917808,666,0.0591192104620859
0.9794520547945206,667,0.05785842032108196
0.9417808219178082,668,0.21878436329987455
0.9657534246575342,669,0.12112929383289306
0.9623287671232876,670,0.08473921720343079
0.976027397260274,671,0.06853403037281193
0.9828767123287672,672,0.037698472063386536
0.958904109589041,673,0.14788688457214796
0.976027397260274,674,0.06950484487312417
0.958904109589041,675,0.07732938305897023
0.9726027397260274,676,0.07159606390975307
0.976027397260274,677,0.04593919670516125
0.9623287671232876,678,0.07387247996238118
0.976027397260274,679,0.050463746070033254
0.976027397260274,680,0.04930351555928722
0.9726027397260274,681,0.07876787478938876
0.9691780821917808,682,0.10597795297201641
0.9691780821917808,683,0.05746110378653337
0.9726027397260274,684,0.05079550202621971
0.976027397260274,685,0.05313588377992172
0.976027397260274,686,0.08112471996001622
0.9657534246575342,687,0.08963477983314527
0.9691780821917808,688,0.040583385526027596
0.9863013698630136,689,0.029972606426918614
0.9863013698630136,690,0.03971701492124239
0.976027397260274,691,0.055273736373100575
0.976027397260274,692,0.04740189599128016
0.9794520547945206,693,0.04010884416520764
0.9794520547945206,694,0.03955856825188975
0.9691780821917808,695,0.05152357710971021
0.958904109589041,696,0.13322261095128526
0.9726027397260274,697,0.07800599763323926
0.9863013698630136,698,0.0310742748715275
0.9794520547945206,699,0.04013514144559214
0.9657534246575342,700,0.07849840842110807
0.9828767123287672,701,0.045367901814070015
0.9657534246575342,702,0.07640135645142156
0.9657534246575342,703,0.1032892110837665
0.9726027397260274,704,0.06528723871865436
0.976027397260274,705,0.05464027624689712
0.976027397260274,706,0.05274368743540772
0.9623287671232876,707,0.07582427333847142
0.9794520547945206,708,0.03860305155658601
0.9657534246575342,709,0.04830679857248046
0.9828767123287672,710,0.038632814327958266
0.976027397260274,711,0.06230328461146674
0.9623287671232876,712,0.06974533661985782
0.9623287671232876,713,0.08676636669215815
0.9794520547945206,714,0.03983461411278095
0.952054794520548,715,0.11856331338850856
0.9794520547945206,716,0.037002399101585405
0.9691780821917808,717,0.08712904567514608
0.958904109589041,718,0.10785657136637707
0.976027397260274,719,0.05746038673106802
0.976027397260274,720,0.050444277705026574
0.9726027397260274,721,0.06155380479393063
0.9657534246575342,722,0.07446341273451203
0.9794520547945206,723,0.04025033898387722
0.976027397260274,724,0.04712786596280849
0.958904109589041,725,0.11084909417705566
0.976027397260274,726,0.050002747383238275
0.9691780821917808,727,0.05444375941697965
0.9726027397260274,728,0.12292831580323964
0.9726027397260274,729,0.05158245243053474
0.9828767123287672,730,0.039485976281069535
0.9794520547945206,731,0.054500546805921
0.9794520547945206,732,0.04598390204290347
0.976027397260274,733,0.05736031666184747
0.952054794520548,734,0.11490265054244321
0.958904109589041,735,0.08424026429859885
0.976027397260274,736,0.047846863685787853
0.976027397260274,737,0.05251724039424342
0.9931506849315068,738,0.024894434342158628
0.9726027397260274,739,0.03915022369085208
0.9897260273972602,740,0.053920160947144136
0.9657534246575342,741,0.053837425249969796
0.958904109589041,742,0.06279396837310255
0.9863013698630136,743,0.035203642892754516
0.9726027397260274,744,0.057159820304349684
0.976027397260274,745,0.040481280838121914
0.934931506849315,746,0.41665203164161724
0.9726027397260274,747,0.16177811620434102
0.9623287671232876,748,0.09831676637599206
0.976027397260274,749,0.05819609646933303
0.9828767123287672,750,0.051623158992722344
0.9828767123287672,751,0.02991875592090777
0.9657534246575342,752,0.06397527502367541
0.976027397260274,753,0.059261098014920285
0.9657534246575342,754,0.08370938383813441
0.9623287671232876,755,0.07429253353107576
0.9657534246575342,756,0.08681987452647973
0.9657534246575342,757,0.07053081275566225
0.9383561643835616,758,0.2668959895417087
0.9691780821917808,759,0.07817814317682512
0.976027397260274,760,0.0752919315103112
0.9828767123287672,761,0.039406819967839575
0.9794520547945206,762,0.047864033284907875
0.9863013698630136,763,0.031925287906183444
0.9486301369863014,764,0.12586576839771313
0.976027397260274,765,0.08031075624847116
0.9691780821917808,766,0.06629776441513968
0.9623287671232876,767,0.08121246136836081
0.9691780821917808,768,0.06532338635576383
0.9691780821917808,769,0.07373683862072053
0.976027397260274,770,0.04097385628432526
0.9623287671232876,771,0.06198633584761858
0.9726027397260274,772,0.10419518766145788
0.9726027397260274,773,0.05369014069732383
0.9623287671232876,774,0.06594753472128939
0.9691780821917808,775,0.07941035663545386
0.976027397260274,776,0.05395265132697765
0.958904109589041,777,0.1817814441208686
0.9726027397260274,778,0.09367291790920418
0.976027397260274,779,0.04714599534929831
0.9794520547945206,780,0.039083028210501504
0.9828767123287672,781,0.03587754341068743
0.952054794520548,782,0.06676396694499326
0.9623287671232876,783,0.1133371472223164
0.9726027397260274,784,0.05134236850252732
0.9691780821917808,785,0.11521242436237901
0.9623287671232876,786,0.07660757795258477
0.9863013698630136,787,0.036586403543181295
0.9726027397260274,788,0.10152925084335723
0.9623287671232876,789,0.08679603051101765
0.976027397260274,790,0.042756356753477734
0.9726027397260274,791,0.06169568909993122
0.9691780821917808,792,0.06077904807489799
0.9726027397260274,793,0.03514616081224319
0.9828767123287672,794,0.03979983237947374
0.9623287671232876,795,0.06936824600708785
0.9863013698630136,796,0.03661813457507715
0.9931506849315068,797,0.016299025505547547
0.9315068493150684,798,0.3350054215170406
0.9691780821917808,799,0.07005082409905797
0.976027397260274,800,0.04489040428858024
0.976027397260274,801,0.09702278702695977
0.9657534246575342,802,0.09932045607052864
0.9828767123287672,803,0.04080865965988778
0.9863013698630136,804,0.036263931700531965
0.9623287671232876,805,0.07666998621533361
0.9863013698630136,806,0.04240843747326947
0.976027397260274,807,0.04643694059461567
0.9897260273972602,808,0.03576908003773721
0.9828767123287672,809,0.036936542784731075
0.9691780821917808,810,0.06155833025330712
0.952054794520548,811,0.07753739061049662
0.9794520547945206,812,0.03959975457833834
0.976027397260274,813,0.04005091957857723
0.9863013698630136,814,0.035880807367753384
0.976027397260274,815,0.09946920601961422
0.9246575342465754,816,0.3274099284725745
0.952054794520548,817,0.12225041650655018
0.9931506849315068,818,0.024935765578186265
0.9691780821917808,819,0.06899425670267753
0.9452054794520548,820,0.2023844548675822
0.9691780821917808,821,0.06351782629435422
0.958904109589041,822,0.10169476135159079
0.9383561643835616,823,0.24945239740224667
0.9691780821917808,824,0.05200346912865888
0.9726027397260274,825,0.05729553239044522
0.9691780821917808,826,0.053173321675598816
0.9828767123287672,827,0.04711885009565116
0.9794520547945206,828,0.041470820215505376
0.9794520547945206,829,0.042019648771712714
0.9657534246575342,830,0.09700121405787959
0.9726027397260274,831,0.05218117695408618
0.9726027397260274,832,0.07723244214444655
0.9794520547945206,833,0.06623035292972268
0.9726027397260274,834,0.04646754527802592
0.9794520547945206,835,0.05553817177115727
0.9691780821917808,836,0.05544933009626482
0.9794520547945206,837,0.05292228074872645
0.9897260273972602,838,0.04609072603218683
0.9794520547945206,839,0.038023366374480325
0.9726027397260274,840,0.07648203286808981
0.9726027397260274,841,0.0635438761155082
0.9897260273972602,842,0.020465925046153965
0.958904109589041,843,0.10150134840970255
0.9623287671232876,844,0.07111551351833553
0.9726027397260274,845,0.046843621441489444
0.9691780821917808,846,0.07902090856049193
0.9863013698630136,847,0.030432083728331623
0.9726027397260274,848,0.04096055553777224
0.958904109589041,849,0.07450624107608846
0.9794520547945206,850,0.0350208386959933
0.9794520547945206,851,0.046817121454894306
0.9691780821917808,852,0.048517343955895804
0.9931506849315068,853,0.02198015251177485
0.9657534246575342,854,0.06324304736753911
0.9863013698630136,855,0.04257181832878677
0.9828767123287672,856,0.04092091246185528
0.9794520547945206,857,0.04999567077417963
0.958904109589041,858,0.07988929692138075
0.9794520547945206,859,0.05063489531652808
0.9691780821917808,860,0.053568771660132505
0.9828767123287672,861,0.04662166778026615
0.958904109589041,862,0.1319155854026414
0.9794520547945206,863,0.03866108785933486
0.9931506849315068,864,0.018766011908697592
0.9863013698630136,865,0.037256067496201306
0.9794520547945206,866,0.046743096596058686
0.9726027397260274,867,0.15227069799452506
0.9897260273972602,868,0.04639543943291805
0.9794520547945206,869,0.06477533893435253
0.9726027397260274,870,0.13361684622597053
0.9691780821917808,871,0.06893107656903077
0.9828767123287672,872,0.0654345980841978
0.9726027397260274,873,0.04177655985547548
0.9623287671232876,874,0.17226953786770263
0.9691780821917808,875,0.05736517610740857
0.9691780821917808,876,0.08390408808065007
0.9828767123287672,877,0.03962770055762133
0.9726027397260274,878,0.07439860097656181
0.9794520547945206,879,0.055745704936856634
0.9965753424657534,880,0.01567878551850299
0.9794520547945206,881,0.042858430427072124
0.9623287671232876,882,0.06737753566677097
0.9828767123287672,883,0.03350418104999534
0.976027397260274,884,0.11098011239795447
0.9897260273972602,885,0.03738334741213804
0.9794520547945206,886,0.048376553019975226
0.976027397260274,887,0.059426043992666
0.9726027397260274,888,0.07316478028758566
0.9623287671232876,889,0.1438396924133504
0.9726027397260274,890,0.0791360220137181
0.952054794520548,891,0.2560622411629675
0.9828767123287672,892,0.03937265632480812
0.9794520547945206,893,0.04139764629899966
0.9726027397260274,894,0.07092832404102771
0.976027397260274,895,0.05692741297746716
0.9726027397260274,896,0.061398754227853986
0.9828767123287672,897,0.03846707585360067
0.9623287671232876,898,0.18773731201078953
0.9726027397260274,899,0.05716240968900845
0.9657534246575342,900,0.052817366499679434
0.9828767123287672,901,0.037573442340987
0.9623287671232876,902,0.06491613465805256
0.958904109589041,903,0.07478604751602763
0.9726027397260274,904,0.047749074800278374
0.9691780821917808,905,0.0752253926885241
0.9863013698630136,906,0.03609793255956079
0.9794520547945206,907,0.05796384406593374
0.9657534246575342,908,0.09327077230856758
0.9726027397260274,909,0.07778032854566098
0.9794520547945206,910,0.051556956476292416
0.9726027397260274,911,0.04956323547856001
0.976027397260274,912,0.060753842203582764
0.9657534246575342,913,0.15187810863173506
0.9657534246575342,914,0.10849904175330104
0.9623287671232876,915,0.14177910913880223
0.9828767123287672,916,0.0352504069980743
0.976027397260274,917,0.054685498350047726
0.9828767123287672,918,0.03503211785085126
0.9657534246575342,919,0.07267013736751099
0.9691780821917808,920,0.0793988674062977
0.9794520547945206,921,0.07403821500088581
0.9417808219178082,922,0.33820833642066145
0.9623287671232876,923,0.06808351485552858
0.976027397260274,924,0.0453691082482424
0.9691780821917808,925,0.06553314648449361
0.9726027397260274,926,0.15404335593975452
0.9554794520547946,927,0.19017750613008738
0.9657534246575342,928,0.06695342571092873
0.9383561643835616,929,0.4909991820396898
0.9691780821917808,930,0.07389253381980368
0.9794520547945206,931,0.04607021873252276
0.9623287671232876,932,0.06995161081068882
0.9794520547945206,933,0.040677690390821974
0.9863013698630136,934,0.025893701372832804
0.9794520547945206,935,0.03827733878906407
0.9417808219178082,936,0.2380629724948698
0.9794520547945206,937,0.04606793409396992
0.976027397260274,938,0.04895307719891506
0.9691780821917808,939,0.052355541526949684
0.9897260273972602,940,0.030742947764151287
0.976027397260274,941,0.05123809192788056
0.9794520547945206,942,0.04619413276243792
0.9657534246575342,943,0.11474169917759454
0.976027397260274,944,0.038223953358613484
0.9726027397260274,945,0.056118105447482886
0.976027397260274,946,0.14768993234029912
0.9828767123287672,947,0.029707255370414888
0.9794520547945206,948,0.05286206891271096
0.9726027397260274,949,0.05601024357961188
0.9623287671232876,950,0.08718876516104501
0.9657534246575342,951,0.058136400913778356
0.9691780821917808,952,0.06733072786147977
0.9794520547945206,953,0.04143378115692678
0.9726027397260274,954,0.04933411657039458
0.9828767123287672,955,0.04426560520928496
0.9726027397260274,956,0.06554906839555895
0.976027397260274,957,0.038483536057156764
0.9691780821917808,958,0.04633632379692207
0.9897260273972602,959,0.02104493621643137
0.9452054794520548,960,0.17728022214934555
0.976027397260274,961,0.05961564030978903
0.9691780821917808,962,0.0754751537763708
0.9726027397260274,963,0.04716413166533416
0.9828767123287672,964,0.040987271393134184
0.958904109589041,965,0.06842375086954197
0.9657534246575342,966,0.08807699879638028
0.9794520547945206,967,0.037744688095313304
0.9794520547945206,968,0.05818059768525055
0.9657534246575342,969,0.0769196647383044
0.958904109589041,970,0.10491738953354897
0.9726027397260274,971,0.05468547891000962
0.9863013698630136,972,0.03062377012561415
0.9794520547945206,973,0.03855943507603601
0.9726027397260274,974,0.0489782760260848
0.9726027397260274,975,0.09442630284933616
0.958904109589041,976,0.1370089030769658
0.9828767123287672,977,0.040419863868664085
0.9828767123287672,978,0.03736994570833416
0.976027397260274,979,0.041393702929027526
0.9828767123287672,980,0.02809962379646942
0.958904109589041,981,0.10880984836478391
0.9794520547945206,982,0.03973905992937296
0.9726027397260274,983,0.08031530089219939
0.976027397260274,984,0.04071969960109091
0.976027397260274,985,0.049858087847048274
0.9897260273972602,986,0.038911547481945974
0.9828767123287672,987,0.03699859851205275
0.9726027397260274,988,0.04480124755714501
0.9657534246575342,989,0.11145260097790215
0.9828767123287672,990,0.031037947115558146
0.9691780821917808,991,0.07229289961774718
0.976027397260274,992,0.03964804318231522
0.9931506849315068,993,0.02597904169184179
0.9794520547945206,994,0.03805778259668978
0.9657534246575342,995,0.12420341685850722
0.9828767123287672,996,0.10228744624144333
0.9828767123287672,997,0.03471226479575917
0.9691780821917808,998,0.06076006207604223
0.976027397260274,999,0.04240016908052483
0.9828767123287672,1000,0.049671126869401484
